taxi_location_num,bike_zone_num,taxi_loc,bike_loc
50,72,Clinton West,W 52 St & 11 Ave
211,79,SoHo,Franklin St & W Broadway
209,82,Seaport,St James Pl & Pearl St
249,127,West Village,Barrow St & Hudson St
125,128,Hudson Sq,MacDougal St & Prince St
231,146,TriBeCa/Civic Center,Hudson St & Reade St
4,150,Alphabet City,E 2 St & Avenue C
144,151,Little Italy/NoLiTa,Cleveland Pl & Spring St
231,152,TriBeCa/Civic Center,Warren St & Church St
211,161,SoHo,LaGuardia Pl & W 3 St
162,164,Midtown East,E 47 St & 2 Ave
170,167,Murray Hill,E 39 St & 3 Ave
234,168,Union Sq,W 18 St & 6 Ave
164,173,Midtown South,Broadway & W 49 St
137,174,Kips Bay,E 25 St & 1 Ave
209,195,Seaport,Liberty St & Broadway
158,212,Meatpacking/West Village West,W 16 St & The High Line
209,216,Seaport,Columbia Heights & Cranberry St
113,223,Greenwich Village North,W 13 St & 7 Ave
162,228,Midtown East,E 48 St & 3 Ave
144,229,Little Italy/NoLiTa,Great Jones St
79,236,East Village,St Marks Pl & 2 Ave
107,237,Gramercy,E 11 St & 2 Ave
249,238,West Village,Bank St & Washington St
249,247,West Village,Perry St & Bleecker St
125,248,Hudson Sq,Laight St & Hudson St
211,249,SoHo,Harrison St & Hudson St
144,251,Little Italy/NoLiTa,Mott St & Prince St
113,252,Greenwich Village North,MacDougal St & Washington Sq
113,253,Greenwich Village North,W 13 St & 5 Ave
113,254,Greenwich Village North,W 11 St & 6 Ave
45,257,Chinatown,Lispenard St & Broadway
209,259,Seaport,South St & Whitehall St
12,260,Battery Park,Broad St & Bridge St
209,264,Seaport,Maiden Ln & Pearl St
144,265,Little Italy/NoLiTa,Stanton St & Chrystie St
4,266,Alphabet City,Avenue D & E 8 St
100,267,Garment District,Broadway & W 36 St
45,268,Chinatown,Howard St & Centre St
231,276,TriBeCa/Civic Center,Duane St & Greenwich St
209,279,Seaport,Peck Slip & Front St
113,280,Greenwich Village North,E 10 St & 5 Ave
43,281,Central Park,Grand Army Plaza & Central Park S
158,284,Meatpacking/West Village West,Greenwich Ave & 8 Ave
234,285,Union Sq,Broadway & E 14 St
148,291,Lower East Side,Madison St & Montgomery St
234,293,Union Sq,Lafayette St & E 8 St
232,295,Two Bridges/Seward Park,Pike St & E Broadway
45,296,Chinatown,Division St & Bowery
107,297,Gramercy,E 15 St & 3 Ave
79,301,East Village,E 2 St & Avenue B
4,302,Alphabet City,Avenue D & E 3 St
211,303,SoHo,Mercer St & Spring St
12,304,Battery Park,Broadway & Battery Pl
43,305,Central Park,E 58 St & 3 Ave
209,306,Seaport,Cliff St & Fulton St_1
48,307,Clinton East,Canal St & Rutgers St
45,308,Chinatown,St James Pl & Oliver St
231,309,TriBeCa/Civic Center,Murray St & West St
48,311,Clinton East,Norfolk St & Broome St
144,312,Little Italy/NoLiTa,Allen St & Stanton St
209,315,Seaport,South St & Gouverneur Ln
87,316,Financial District North,Fulton St & William St
79,317,East Village,E 6 St & Avenue B
87,319,Financial District North,Fulton St & Broadway
211,320,SoHo,Leonard St & Church St
107,325,Gramercy,E 19 St & 3 Ave
79,326,East Village,E 11 St & 1 Ave
231,327,TriBeCa/Civic Center,Vesey Pl & River Terrace
125,328,Hudson Sq,Watts St & Greenwich St
87,330,Financial District North,Reade St & Broadway
232,331,Two Bridges/Seward Park,Pike St & Monroe St
148,332,Lower East Side,Cherry St
68,334,East Chelsea,W 20 St & 7 Ave
113,335,Greenwich Village North,Washington Pl & Broadway
211,336,SoHo,Sullivan St & Washington Sq
209,337,Seaport,Old Slip & Front St
4,339,Alphabet City,Avenue D & E 12 St
48,340,Clinton East,Madison St & Clinton St
4,341,Alphabet City,Stanton St & Mangin St
148,342,Lower East Side,Columbia St & Rivington St
113,345,Greenwich Village North,W 13 St & 6 Ave
249,346,West Village,Bank St & Hudson St
125,347,Hudson Sq,Greenwich St & W Houston St
148,349,Lower East Side,Rivington St & Ridge St
48,350,Clinton East,Clinton St & Grand St
209,351,Seaport,Front St & Maiden Ln
45,355,Chinatown,Bayard St & Baxter St
148,356,Lower East Side,Bialystoker Pl & Delancey St
113,357,Greenwich Village North,E 11 St & Broadway
249,358,West Village,Christopher St & Greenwich St
209,360,Seaport,William St & Pine St
232,361,Two Bridges/Seward Park,Allen St & Hester St
163,362,Midtown North,Broadway & W 37 St
13,363,Battery Park City,West Thames St
249,368,West Village,Carmine St & 6 Ave
249,369,West Village,Washington Pl & 6 Ave
209,376,Seaport,John St & William St
211,377,SoHo,6 Ave & Canal St
186,379,Penn Station/Madison Sq West,W 31 St & 7 Ave
113,380,Greenwich Village North,W 4 St & 7 Ave S
107,382,Gramercy,University Pl & E 14 St
113,383,Greenwich Village North,Greenwich Ave & Charles St
45,386,Chinatown,Centre St & Worth St
87,387,Financial District North,Centre St & Chambers St
68,388,East Chelsea,W 26 St & 10 Ave
4,393,Alphabet City,E 5 St & Avenue C
4,394,Alphabet City,E 9 St & Avenue C
4,400,Alphabet City,Pitt St & Stanton St
144,401,Little Italy/NoLiTa,Allen St & Rivington St
90,402,Flatiron,Broadway & E 22 St
144,403,Little Italy/NoLiTa,E 2 St & 2 Ave
158,405,Meatpacking/West Village West,Washington St & Gansevoort St
232,408,Two Bridges/Seward Park,Market St & Cherry St
79,410,East Village,Suffolk St & Stanton St
4,411,Alphabet City,E 6 St & Avenue D
232,412,Two Bridges/Seward Park,Forsyth St & Canal St
87,415,Financial District North,Pearl St & Hanover Square
231,417,TriBeCa/Civic Center,Barclay St & Church St
142,422,Lincoln Square East,W 59 St & 10 Ave
43,423,Central Park,W 54 St & 9 Ave
231,426,TriBeCa/Civic Center,West St & Chambers St
12,427,Battery Park,Bus Slip & State St
79,432,East Village,E 7 St & Avenue A
224,433,Stuy Town/Peter Cooper Village,E 13 St & Avenue A
68,435,East Chelsea,W 21 St & 6 Ave
79,438,East Village,St Marks Pl & 1 Ave
79,439,East Village,E 4 St & 2 Ave
162,440,Midtown East,E 45 St & 3 Ave
162,441,Midtown East,E 52 St & 2 Ave
186,442,Penn Station/Madison Sq West,W 27 St & 7 Ave
79,445,East Village,E 10 St & Avenue A
68,446,East Chelsea,W 24 St & 7 Ave
43,447,Central Park,8 Ave & W 52 St
100,448,Garment District,W 37 St & 10 Ave
50,450,Clinton West,W 49 St & 8 Ave
68,453,East Chelsea,W 22 St & 8 Ave
162,454,Midtown East,E 51 St & 1 Ave
162,455,Midtown East,1 Ave & E 44 St
164,456,Midtown South,E 53 St & Madison Ave
43,457,Central Park,Broadway & W 58 St
68,458,East Chelsea,11 Ave & W 27 St
68,459,East Chelsea,W 20 St & 11 Ave
107,461,Gramercy,E 20 St & 2 Ave
68,462,East Chelsea,W 22 St & 10 Ave
163,465,Midtown North,Broadway & W 41 St
68,466,East Chelsea,W 25 St & 6 Ave
43,468,Central Park,Broadway & W 56 St
43,469,Central Park,Broadway & W 53 St
68,470,East Chelsea,W 20 St & 8 Ave
170,472,Murray Hill,E 32 St & Park Ave
144,473,Little Italy/NoLiTa,Rivington St & Chrystie St
90,474,Flatiron,5 Ave & E 29 St
137,476,Kips Bay,E 31 St & 3 Ave
100,477,Garment District,W 41 St & 8 Ave
50,478,Clinton West,11 Ave & W 41 St
50,479,Clinton West,9 Ave & W 45 St
50,480,Clinton West,W 53 St & 10 Ave
158,482,Meatpacking/West Village West,W 15 St & 7 Ave
107,483,Gramercy,E 12 St & 3 Ave
163,484,Midtown North,W 44 St & 5 Ave
163,485,Midtown North,W 37 St & 5 Ave
186,486,Penn Station/Madison Sq West,Broadway & W 29 St
4,487,Alphabet City,E 20 St & FDR Drive
90,491,Flatiron,E 24 St & Park Ave S
186,494,Penn Station/Madison Sq West,W 26 St & 8 Ave
50,495,Clinton West,W 47 St & 10 Ave
234,496,Union Sq,E 16 St & 5 Ave
234,497,Union Sq,E 17 St & Broadway
186,498,Penn Station/Madison Sq West,Broadway & W 32 St
142,499,Lincoln Square East,Broadway & W 60 St
43,500,Central Park,Broadway & W 51 St
233,501,UN/Turtle Bay South,FDR Drive & E 35 St
148,502,Lower East Side,Henry St & Grand St
107,503,Gramercy,E 20 St & Park Ave
107,504,Gramercy,1 Ave & E 16 St
163,505,Midtown North,6 Ave & W 33 St
107,507,Gramercy,E 25 St & 2 Ave
50,508,Clinton West,W 46 St & 11 Ave
68,509,East Chelsea,9 Ave & W 22 St
43,513,Central Park,W 56 St & 10 Ave
50,514,Clinton West,12 Ave & W 40 St
50,515,Clinton West,W 43 St & 10 Ave
233,516,UN/Turtle Bay South,E 47 St & 1 Ave
164,517,Midtown South,Pershing Square South
170,518,Murray Hill,E 39 St & 2 Ave
164,519,Midtown South,Pershing Square North
164,520,Midtown South,W 52 St & 5 Ave
164,522,Midtown South,E 51 St & Lexington Ave
100,523,Garment District,W 38 St & 8 Ave
230,524,Times Sq/Theatre District,W 43 St & 6 Ave
100,525,Garment District,W 34 St & 11 Ave
90,526,Flatiron,E 33 St & 5 Ave
137,527,Kips Bay,E 33 St & 2 Ave
137,528,Kips Bay,2 Ave & E 31 St
100,529,Garment District,W 42 St & 8 Ave
142,530,Lincoln Square East,11 Ave & W 59 St
144,531,Little Italy/NoLiTa,Forsyth St & Broome St
163,533,Midtown North,Broadway & W 38 St
12,534,Battery Park,Water - Whitehall Plaza
137,536,Kips Bay,1 Ave & E 30 St
107,537,Gramercy,Lexington Ave & E 24 St
137,540,Kips Bay,Lexington Ave & E 29 St
107,545,Gramercy,E 23 St & 1 Ave
137,546,Kips Bay,E 30 St & Park Ave S
107,2003,Gramercy,1 Ave & E 18 St
43,2006,Central Park,Central Park S & 6 Ave
12,2008,Battery Park,Little West St & 1 Pl
209,2009,Seaport,Catherine St & Monroe St
211,2010,SoHo,Grand St & Greene St
137,2012,Kips Bay,E 27 St & 1 Ave
50,2021,Clinton West,W 45 St & 8 Ave
229,2022,Sutton Place/Turtle Bay North,E 60 St & York Ave
43,2023,Central Park,E 55 St & Lexington Ave
13,3002,Battery Park City,South End Ave & Liberty St
232,3085,Two Bridges/Seward Park,Roebling St & N 4 St
170,3122,Murray Hill,48 Ave & 5 St
140,3131,Lenox Hill East,E 68 St & 3 Ave
43,3132,Central Park,E 59 St & Madison Ave
140,3134,Lenox Hill East,3 Ave & E 62 St
236,3135,Upper East Side North,E 75 St & 3 Ave
43,3136,Central Park,5 Ave & E 63 St
43,3137,Central Park,5 Ave & E 73 St
43,3139,Central Park,E 72 St & Park Ave
229,3140,Sutton Place/Turtle Bay North,1 Ave & E 78 St
140,3141,Lenox Hill East,1 Ave & E 68 St
140,3142,Lenox Hill East,1 Ave & E 62 St
43,3143,Central Park,5 Ave & E 78 St
236,3144,Upper East Side North,E 81 St & Park Ave
236,3145,Upper East Side North,E 84 St & Park Ave
236,3146,Upper East Side North,E 81 St & 3 Ave
43,3147,Central Park,E 85 St & 3 Ave
262,3148,Yorkville East,E 84 St & 1 Ave
262,3150,Yorkville East,E 85 St & York Ave
262,3151,Yorkville East,E 81 St & York Ave
140,3152,Lenox Hill East,3 Ave & E 71 St
43,3155,Central Park,Lexington Ave & E 63 St
229,3156,Sutton Place/Turtle Bay North,E 72 St & York Ave
262,3157,Yorkville East,East End Ave & E 86 St
142,3158,Lincoln Square East,W 63 St & Broadway
43,3159,Central Park,W 67 St & Broadway
43,3160,Central Park,Central Park West & W 76 St
43,3161,Central Park,W 76 St & Columbus Ave
43,3162,Central Park,W 78 St & Broadway
43,3163,Central Park,Central Park West & W 68 St
43,3164,Central Park,Columbus Ave & W 72 St
43,3165,Central Park,Central Park West & W 72 St
43,3166,Central Park,Riverside Dr & W 72 St
43,3167,Central Park,Amsterdam Ave & W 73 St
43,3168,Central Park,Central Park West & W 85 St
43,3169,Central Park,Riverside Dr & W 82 St
43,3170,Central Park,W 84 St & Columbus Ave
43,3171,Central Park,Amsterdam Ave & W 82 St
43,3172,Central Park,W 74 St & Columbus Ave
43,3175,Central Park,W 70 St & Amsterdam Ave
142,3176,Lincoln Square East,W 64 St & West End Ave
43,3177,Central Park,W 84 St & Broadway
43,3178,Central Park,Riverside Dr & W 78 St
209,3180,Seaport,Brooklyn Bridge Park - Pier 2
4,3182,Alphabet City,Yankee Ferry Terminal
43,3223,Central Park,E 55 St & 3 Ave
158,3224,Meatpacking/West Village West,W 13 St & Hudson St
43,3226,Central Park,W 82 St & Central Park West
140,3231,Lenox Hill East,E 67 St & Park Ave
164,3233,Midtown South,E 48 St & 5 Ave
161,3235,Midtown Center,E 41 St & Madison Ave
50,3236,Clinton West,W 42 St & Dyer Ave
12,3239,Battery Park,Bressler
162,3243,Midtown East,E 58 St & 1 Ave
249,3244,West Village,University Pl & E 8 St
148,3245,Lower East Side,NYCBS DEPOT - DELANCEY
4,3254,Alphabet City,Soissons Landing
125,3256,Hudson Sq,Pier 40 - Hudson River Park
68,3258,East Chelsea,W 27 St & 10 Ave
68,3259,East Chelsea,9 Ave & W 28 St
211,3260,SoHo,Mercer St & Bleecker St
107,3263,Gramercy,Cooper Square & Astor Pl
43,3282,Central Park,5 Ave & E 88 St
43,3283,Central Park,W 89 St & Columbus Ave
43,3284,Central Park,E 88 St & Park Ave
43,3285,Central Park,W 87 St & Amsterdam Ave
43,3286,Central Park,E 89 St & 3 Ave
262,3288,Yorkville East,E 88 St & 1 Ave
43,3289,Central Park,W 90 St & Amsterdam Ave
262,3290,Yorkville East,E 89 St & York Ave
43,3292,Central Park,5 Ave & E 93 St
151,3293,Manhattan Valley,W 92 St & Broadway
43,3294,Central Park,E 91 St & Park Ave
43,3295,Central Park,Central Park W & W 96 St
43,3296,Central Park,E 93 St & 2 Ave
43,3299,Central Park,E 98 St & Park Ave
43,3301,Central Park,Columbus Ave & W 95 St
43,3302,Central Park,Columbus Ave & W 103 St
262,3305,Yorkville East,E 91 St & 2 Ave
151,3307,Manhattan Valley,West End Ave & W 94 St
43,3309,Central Park,E 97 St & 3 Ave
262,3312,Yorkville East,1 Ave & E 94 St
151,3314,Manhattan Valley,W 95 St & Broadway
43,3316,Central Park,W 104 St & Amsterdam Ave - 1
43,3318,Central Park,2 Ave & E 96 St
43,3320,Central Park,Central Park West & W 100 St
43,3323,Central Park,W 106 St & Central Park West
43,3325,Central Park,E 95 St & 3 Ave
43,3327,Central Park,3 Ave & E 100 St
43,3328,Central Park,W 100 St & Manhattan Ave
24,3331,Bloomingdale,Riverside Dr & W 104 St
43,3336,Central Park,E 97 St & Madison Ave
43,3338,Central Park,2 Ave & E 99 St
43,3341,Central Park,Central Park West & W 102 St
43,3343,Central Park,W 107 St & Columbus Ave
43,3345,Central Park,Madison Ave & E 99 St
151,3350,Manhattan Valley,W 100 St & Broadway
43,3351,Central Park,E 102 St & 1 Ave
43,3355,Central Park,E 66 St & Madison Ave
142,3356,Lincoln Square East,Amsterdam Ave & W 66 St
24,3357,Bloomingdale,W 106 St & Amsterdam Ave
140,3359,Lenox Hill East,E 68 St & Madison Ave
43,3360,Central Park,Amsterdam Ave & W 79 St
43,3362,Central Park,Madison Ave & E 82 St
43,3363,Central Park,E 102 St & Park Ave
24,3366,Bloomingdale,West End Ave & W 107 St
43,3367,Central Park,5 Ave & E 103 St
262,3369,Yorkville East,E 82 St & East End Ave
236,3370,Upper East Side North,E 78 St & 2 Ave
229,3372,Sutton Place/Turtle Bay North,E 74 St & 1 Ave
43,3374,Central Park,Central Park North & Adam Clayton Powell Blvd
236,3375,Upper East Side North,3 Ave & E 72 St
140,3376,Lenox Hill East,E 65 St & 2 Ave
43,3378,Central Park,E 76 St & Park Ave
43,3379,Central Park,E 103 St & Lexington Ave
166,3383,Morningside Heights,Cathedral Pkwy & Broadway
43,3387,Central Park,E 106 St & Madison Ave
74,3390,East Harlem North,E 109 St & 3 Ave
74,3391,East Harlem North,E 106 St & 1 Ave
43,3400,Central Park,E 110 St & Madison Ave
43,3424,Central Park,E 106 St & Lexington Ave
43,3425,Central Park,2 Ave & E 104 St
144,3427,Little Italy/NoLiTa,Lafayette St & Jersey St
170,3431,Murray Hill,E 35 St & 3 Ave
43,3434,Central Park,W 88 St & West End Ave
144,3435,Little Italy/NoLiTa,Grand St & Elizabeth St
151,3437,Manhattan Valley,Riverside Dr & W 91 St
229,3438,Sutton Place/Turtle Bay North,E 76 St & 3 Ave
186,3441,Penn Station/Madison Sq West,10 Hudson Yards
164,3443,Midtown South,W 52 St & 6 Ave
140,3447,Lenox Hill East,E 71 St & 1 Ave
232,3455,Two Bridges/Seward Park,Schermerhorn St & 3 Ave
43,3457,Central Park,E 58 St & Madison Ave
162,3459,Midtown East,E 53 St & 3 Ave
231,3461,TriBeCa/Civic Center,Murray St & Greenwich St
233,3462,UN/Turtle Bay South,E 44 St & 2 Ave
107,3463,Gramercy,E 16 St & Irving Pl
230,3466,Times Sq/Theatre District,W 45 St & 6 Ave (OLD)
4,3468,Alphabet City,NYCBS Depot - STY - Garage 4
158,3472,Meatpacking/West Village West,W 15 St & 10 Ave
211,3474,SoHo,6 Ave & Spring St
4,3479,Alphabet City,Picnic Point
4,3485,Alphabet City,NYCBS Depot - RIS
120,3488,Highbridge Park,8D QC Station 01
209,3489,Seaport,Gold St & Frankfort St
74,3490,East Harlem North,E 116 St & 2 Ave
74,3491,East Harlem North,E 118 St & 1 Ave
74,3492,East Harlem North,E 118 St & Park Ave
74,3493,East Harlem North,E 118 St & 3 Ave
74,3494,East Harlem North,E 115 St & Lexington Ave
74,3495,East Harlem North,E 114 St & 1 Ave
74,3496,East Harlem North,1 Ave & E 110 St
74,3497,East Harlem North,Pleasant Ave & E 116 St
74,3498,East Harlem North,Pleasant Ave & E 120 St
74,3499,East Harlem North,2 Ave & E 122 St
43,3500,Central Park,E 115 St & Madison Ave
74,3501,East Harlem North,E 118 St & Madison Ave
43,3502,Central Park,Lexington Ave & E 111 St
74,3503,East Harlem North,Madison Ave & E 120 St
74,3504,East Harlem North,E 123 St & Lexington Ave
74,3505,East Harlem North,Lexington Ave & E 127 St
74,3506,East Harlem North,Lexington Ave & E 120 St
74,3507,East Harlem North,Park Ave & E 124 St
152,3508,Manhattanville,St Nicholas Ave & Manhattan Ave
43,3509,Central Park,Lenox Ave & W 115 St
42,3510,Central Harlem North,Adam Clayton Powell Blvd & W 123 St
42,3511,Central Harlem North,Adam Clayton Powell Blvd & W 115 St
43,3518,Central Park,Lenox Ave & W 126 St
42,3520,Central Harlem North,Adam Clayton Powell Blvd & W 118 St
43,3521,Central Park,Lenox Ave & W 111 St
41,3527,Central Harlem,5 Ave & E 126 St
41,3529,Central Harlem,Lenox Ave & W 130 St
152,3531,Manhattanville,Frederick Douglass Blvd & W 129 St
152,3533,Manhattanville,St. Nicholas Ave & W 126 St
42,3534,Central Harlem North,Frederick Douglass Blvd & W 117 St
43,3535,Central Park,Mt Morris Park W & W 120 St
166,3536,Morningside Heights,W 116 St & Broadway
43,3538,Central Park,W 110 St & Amsterdam Ave
166,3539,Morningside Heights,W 116 St & Amsterdam Ave
152,3540,Manhattanville,Morningside Ave & W 123 St
152,3541,Manhattanville,Amsterdam Ave & W 125 St
166,3542,Morningside Heights,Amsterdam Ave & W 119 St
152,3543,Manhattanville,Morningside Dr & Amsterdam Ave
166,3545,Morningside Heights,Broadway & W 122 St
152,3547,Manhattanville,Broadway & Moylan Pl
74,3551,East Harlem North,3 Ave & E 112 St
166,3552,Morningside Heights,W 113 St & Broadway
42,3553,Central Harlem North,Frederick Douglass Blvd & W 112 St
74,3622,East Harlem North,E 128 St & Madison Ave
43,3628,Central Park,Lenox Ave & W 117 St
42,3629,Central Harlem North,Adam Clayton Powell Blvd & W 126 St
4,3632,Alphabet City,E 12 St & Avenue B
100,3635,Garment District,W 36 St & 9 Ave
68,3641,East Chelsea,Broadway & W 25 St
161,3643,Midtown Center,E 41 St & 5 Ave
152,3649,Manhattanville,W 129 St & Convent Ave
79,3656,East Village,E 2 St & Avenue A
158,3658,Meatpacking/West Village West,W 18 St & 9 Ave
158,3659,Meatpacking/West Village West,W 17 St & 9 Ave
113,3660,Greenwich Village North,W 16 St & 8 Ave
231,3664,TriBeCa/Civic Center,North Moore St & Greenwich St
236,3671,Upper East Side North,E 81 St & 2 Ave
